archivo,etiqueta,categoria,dataset_origen,identificador_origen,url_origen,licencia,articulo,descripcion,observaciones
fotos/0/53759.jpg,0,camiseta,Fashion Product Images (Small) - Param Aggarwal / Myntra,53759,https://www.kaggle.com/datasets/paramaggarwal/fashion-product-images-small (ID: 53759),MIT License (Kaggle: paramaggarwal/fashion-product-images-small),Tshirts,Puma Men Grey T-shirt,Camiseta casual de cuello redondo sin cuello camisero ni botones
fotos/0/1855.jpg,0,camiseta,Fashion Product Images (Small) - Param Aggarwal / Myntra,1855,https://www.kaggle.com/datasets/paramaggarwal/fashion-product-images-small (ID: 1855),MIT License (Kaggle: paramaggarwal/fashion-product-images-small),Tshirts,Inkfruit Mens Chain Reaction T-shirt,Camiseta clasica manga corta de algodon con estampado frontal
fotos/0/7990.jpg,0,camiseta,Fashion Product Images (Small) - Param Aggarwal / Myntra,7990,https://www.kaggle.com/datasets/paramaggarwal/fashion-product-images-small (ID: 7990),MIT License (Kaggle: paramaggarwal/fashion-product-images-small),Tshirts,Fila Men's Round Neck Navy Blue T-shirt,Camiseta deportiva de cuello redondo liso
fotos/1/39386.jpg,1,pantalon,Fashion Product Images (Small) - Param Aggarwal / Myntra,39386,https://www.kaggle.com/datasets/paramaggarwal/fashion-product-images-small (ID: 39386),MIT License (Kaggle: paramaggarwal/fashion-product-images-small),Jeans,Peter England Men Party Blue Jeans,Pantalon vaquero largo con corte recto
fotos/1/21379.jpg,1,pantalon,Fashion Product Images (Small) - Param Aggarwal / Myntra,21379,https://www.kaggle.com/datasets/paramaggarwal/fashion-product-images-small (ID: 21379),MIT License (Kaggle: paramaggarwal/fashion-product-images-small),Track Pants,Manchester United Men Solid Black Track Pants,Pantalon deportivo largo negro ajustado
fotos/1/26994.jpg,1,pantalon,Fashion Product Images (Small) - Param Aggarwal / Myntra,26994,https://www.kaggle.com/datasets/paramaggarwal/fashion-product-images-small (ID: 26994),MIT License (Kaggle: paramaggarwal/fashion-product-images-small),Jeans,Jealous 21 Women Black Jeans,Pantalon de mezclilla largo para mujer
fotos/2/19540.jpg,2,sueter,Fashion Product Images (Small) - Param Aggarwal / Myntra,19540,https://www.kaggle.com/datasets/paramaggarwal/fashion-product-images-small (ID: 19540),MIT License (Kaggle: paramaggarwal/fashion-product-images-small),Sweaters,United Colors of Benetton Men Solid Blue Sweater,Sueter de punto clasico cerrado con cuello redondo
fotos/2/23876.jpg,2,sueter,Fashion Product Images (Small) - Param Aggarwal / Myntra,23876,https://www.kaggle.com/datasets/paramaggarwal/fashion-product-images-small (ID: 23876),MIT License (Kaggle: paramaggarwal/fashion-product-images-small),Sweatshirts,ADIDAS Men Blue Sweatshirt,Sudadera tipo pullover cerrada sin cremallera frontal
fotos/2/19547.jpg,2,sueter,Fashion Product Images (Small) - Param Aggarwal / Myntra,19547,https://www.kaggle.com/datasets/paramaggarwal/fashion-product-images-small (ID: 19547),MIT License (Kaggle: paramaggarwal/fashion-product-images-small),Sweatshirts,United Colors of Benetton Men Solid Blue Sweatshirt,Sudadera cerrada manga larga sin capucha
fotos/3/39716.jpg,3,vestido,Fashion Product Images (Small) - Param Aggarwal / Myntra,39716,https://www.kaggle.com/datasets/paramaggarwal/fashion-product-images-small (ID: 39716),MIT License (Kaggle: paramaggarwal/fashion-product-images-small),Dresses,Arrow Woman Women Blue Dress,Vestido formal de una sola pieza
fotos/3/31127.jpg,3,vestido,Fashion Product Images (Small) - Param Aggarwal / Myntra,31127,https://www.kaggle.com/datasets/paramaggarwal/fashion-product-images-small (ID: 31127),MIT License (Kaggle: paramaggarwal/fashion-product-images-small),Dresses,Gini and Jony Girls Black Dress,Vestido casual corto sin mangas de una pieza
fotos/3/10406.jpg,3,vestido,Fashion Product Images (Small) - Param Aggarwal / Myntra,10406,https://www.kaggle.com/datasets/paramaggarwal/fashion-product-images-small (ID: 10406),MIT License (Kaggle: paramaggarwal/fashion-product-images-small),Dresses,United Colors of Benetton Women Solid Grey Dresses,Vestido gris continuo de algodon
fotos/4/27846.jpg,4,abrigo,Fashion Product Images (Small) - Param Aggarwal / Myntra,27846,https://www.kaggle.com/datasets/paramaggarwal/fashion-product-images-small (ID: 27846),MIT License (Kaggle: paramaggarwal/fashion-product-images-small),Blazers,Scullers For Her Charcoal Blazer,Blazer formal con solapa estructurada y botones frontales
fotos/4/6889.jpg,4,abrigo,Fashion Product Images (Small) - Param Aggarwal / Myntra,6889,https://www.kaggle.com/datasets/paramaggarwal/fashion-product-images-small (ID: 6889),MIT License (Kaggle: paramaggarwal/fashion-product-images-small),Jackets,Forever New Women Stone Cream Jacket,Chaqueta/abrigo de exterior con apertura frontal
fotos/4/6887.jpg,4,abrigo,Fashion Product Images (Small) - Param Aggarwal / Myntra,6887,https://www.kaggle.com/datasets/paramaggarwal/fashion-product-images-small (ID: 6887),MIT License (Kaggle: paramaggarwal/fashion-product-images-small),Jackets,Forever New Women Indigo Wash Blue Jacket,Chaqueta de mezclilla estructurada con botones
fotos/5/12967.jpg,5,sandalia,Fashion Product Images (Small) - Param Aggarwal / Myntra,12967,https://www.kaggle.com/datasets/paramaggarwal/fashion-product-images-small (ID: 12967),MIT License (Kaggle: paramaggarwal/fashion-product-images-small),Sandals,ADIDAS Men Spry M Black Sandals,Sandalia abierta con tiras de ajuste
fotos/5/11940.jpg,5,sandalia,Fashion Product Images (Small) - Param Aggarwal / Myntra,11940,https://www.kaggle.com/datasets/paramaggarwal/fashion-product-images-small (ID: 11940),MIT License (Kaggle: paramaggarwal/fashion-product-images-small),Sandals,Ganuchi Men Casual Black Sandals,Sandalia de cuero con tiras cruzadas y talon abierto
fotos/5/33648.jpg,5,sandalia,Fashion Product Images (Small) - Param Aggarwal / Myntra,33648,https://www.kaggle.com/datasets/paramaggarwal/fashion-product-images-small (ID: 33648),MIT License (Kaggle: paramaggarwal/fashion-product-images-small),Sandals,Lotto Men Ridge Brown Sandals,Sandalia deportiva abierta con correas
fotos/6/15970.jpg,6,camisa,Fashion Product Images (Small) - Param Aggarwal / Myntra,15970,https://www.kaggle.com/datasets/paramaggarwal/fashion-product-images-small (ID: 15970),MIT License (Kaggle: paramaggarwal/fashion-product-images-small),Shirts,Turtle Check Men Navy Blue Shirt,Camisa de vestir a cuadros con cuello estructurado y botones frontales
fotos/6/30805.jpg,6,camisa,Fashion Product Images (Small) - Param Aggarwal / Myntra,30805,https://www.kaggle.com/datasets/paramaggarwal/fashion-product-images-small (ID: 30805),MIT License (Kaggle: paramaggarwal/fashion-product-images-small),Shirts,Fabindia Men Striped Green Shirt,Camisa de algodon con botones y cuello camisero visible
fotos/6/26960.jpg,6,camisa,Fashion Product Images (Small) - Param Aggarwal / Myntra,26960,https://www.kaggle.com/datasets/paramaggarwal/fashion-product-images-small (ID: 26960),MIT License (Kaggle: paramaggarwal/fashion-product-images-small),Shirts,Jealous 21 Women Purple Shirt,Camisa casual abotonada de manga larga con cuello
fotos/7/9204.jpg,7,tenis,Fashion Product Images (Small) - Param Aggarwal / Myntra,9204,https://www.kaggle.com/datasets/paramaggarwal/fashion-product-images-small (ID: 9204),MIT License (Kaggle: paramaggarwal/fashion-product-images-small),Casual Shoes,Puma Men Future Cat Remix SF Black Casual Shoes,Tenis deportivos bajos tipo sneaker
fotos/7/39988.jpg,7,tenis,Fashion Product Images (Small) - Param Aggarwal / Myntra,39988,https://www.kaggle.com/datasets/paramaggarwal/fashion-product-images-small (ID: 39988),MIT License (Kaggle: paramaggarwal/fashion-product-images-small),Casual Shoes,Gas Men Europa White Shoes,Tenis casuales blancos de suela plana
fotos/7/3168.jpg,7,tenis,Fashion Product Images (Small) - Param Aggarwal / Myntra,3168,https://www.kaggle.com/datasets/paramaggarwal/fashion-product-images-small (ID: 3168),MIT License (Kaggle: paramaggarwal/fashion-product-images-small),Sports Shoes,Nike Men's Incinerate MSL White Blue Shoe,Tenis atleticos para correr con suela deportiva
fotos/8/47957.jpg,8,bolsa,Fashion Product Images (Small) - Param Aggarwal / Myntra,47957,https://www.kaggle.com/datasets/paramaggarwal/fashion-product-images-small (ID: 47957),MIT License (Kaggle: paramaggarwal/fashion-product-images-small),Handbags,Murcia Women Blue Handbag,Bolsa de mano femenina con asas superiores
fotos/8/47359.jpg,8,bolsa,Fashion Product Images (Small) - Param Aggarwal / Myntra,47359,https://www.kaggle.com/datasets/paramaggarwal/fashion-product-images-small (ID: 47359),MIT License (Kaggle: paramaggarwal/fashion-product-images-small),Handbags,Baggit Women Brown Handbag,Bolsa de hombro estructurada con correa
fotos/8/21977.jpg,8,bolsa,Fashion Product Images (Small) - Param Aggarwal / Myntra,21977,https://www.kaggle.com/datasets/paramaggarwal/fashion-product-images-small (ID: 21977),MIT License (Kaggle: paramaggarwal/fashion-product-images-small),Handbags,Murcia Women Casual Brown Handbag,Bolsa de cuero casual con compartimento amplio
fotos/9/4184.jpg,9,botin,Fashion Product Images (Small) - Param Aggarwal / Myntra,4184,https://www.kaggle.com/datasets/paramaggarwal/fashion-product-images-small (ID: 4184),MIT License (Kaggle: paramaggarwal/fashion-product-images-small),Casual Shoes,Rockport Men D2N Desert Boot Dark Brown Shoe,Botin tipo desert boot de cana corta que cubre el tobillo
fotos/9/13360.jpg,9,botin,Fashion Product Images (Small) - Param Aggarwal / Myntra,13360,https://www.kaggle.com/datasets/paramaggarwal/fashion-product-images-small (ID: 13360),MIT License (Kaggle: paramaggarwal/fashion-product-images-small),Casual Shoes,Timberland Women Femmes Brown Boot,Botin de cuero de cana al tobillo con cordones
fotos/9/23809.jpg,9,botin,Fashion Product Images (Small) - Param Aggarwal / Myntra,23809,https://www.kaggle.com/datasets/paramaggarwal/fashion-product-images-small (ID: 23809),MIT License (Kaggle: paramaggarwal/fashion-product-images-small),Casual Shoes,Clarks Men Black Leather Boots,Botin de piel negro de media cana al tobillo
