archivo,etiqueta_real,clase_real,regresion logistica,svm,random forest,mlp,cnn (inicial),cnn (mejorada)
1855.jpg,0,camiseta,vestido,vestido,vestido,camiseta,bolsa,vestido
53759.jpg,0,camiseta,camiseta,vestido,vestido,camiseta,vestido,vestido
7990.jpg,0,camiseta,tenis,vestido,vestido,camiseta,vestido,vestido
21379.jpg,1,pantalon,vestido,vestido,vestido,vestido,vestido,vestido
26994.jpg,1,pantalon,vestido,vestido,vestido,vestido,vestido,vestido
39386.jpg,1,pantalon,pantalon,pantalon,vestido,pantalon,pantalon,pantalon
19540.jpg,2,sueter,tenis,vestido,vestido,camiseta,vestido,vestido
19547.jpg,2,sueter,tenis,camiseta,vestido,camiseta,vestido,vestido
23876.jpg,2,sueter,sandalia,vestido,vestido,camiseta,camiseta,vestido
10406.jpg,3,vestido,vestido,vestido,vestido,camiseta,sandalia,vestido
31127.jpg,3,vestido,vestido,vestido,vestido,vestido,vestido,vestido
39716.jpg,3,vestido,vestido,pantalon,vestido,camiseta,vestido,vestido
27846.jpg,4,abrigo,vestido,vestido,vestido,camiseta,vestido,vestido
6887.jpg,4,abrigo,sandalia,vestido,vestido,pantalon,vestido,vestido
6889.jpg,4,abrigo,sandalia,vestido,vestido,pantalon,bolsa,bolsa
11940.jpg,5,sandalia,tenis,sandalia,sandalia,sandalia,tenis,bolsa
12967.jpg,5,sandalia,bolsa,bolsa,bolsa,bolsa,bolsa,bolsa
33648.jpg,5,sandalia,vestido,bolsa,bolsa,bolsa,bolsa,bolsa
15970.jpg,6,camisa,vestido,vestido,vestido,camiseta,vestido,vestido
26960.jpg,6,camisa,vestido,vestido,vestido,camiseta,vestido,vestido
30805.jpg,6,camisa,vestido,vestido,vestido,camiseta,vestido,vestido
3168.jpg,7,tenis,bolsa,bolsa,bolsa,bolsa,bolsa,bolsa
39988.jpg,7,tenis,camiseta,camiseta,sandalia,camiseta,bolsa,bolsa
9204.jpg,7,tenis,bolsa,bolsa,sandalia,bolsa,bolsa,bolsa
21977.jpg,8,bolsa,bolsa,bolsa,bolsa,bolsa,bolsa,bolsa
47359.jpg,8,bolsa,tenis,vestido,vestido,bolsa,bolsa,bolsa
47957.jpg,8,bolsa,camiseta,vestido,sandalia,camiseta,sandalia,bolsa
13360.jpg,9,botin,vestido,vestido,vestido,camiseta,bolsa,bolsa
23809.jpg,9,botin,bolsa,bolsa,bolsa,bolsa,bolsa,bolsa
4184.jpg,9,botin,abrigo,bolsa,bolsa,bolsa,bolsa,bolsa
